# 删除表中重复的数据

【要看两行数据完全一样，还是除主键外都不一样】

```sql

-- 删除完全一样的数据

MariaDB [mysql]> select * from websites;
+----+--------------+---------------------------+-------+---------+
| id | name         | url                       | alexa | country |
+----+--------------+---------------------------+-------+---------+
|  1 | Google       | https://www.google.cm/    |     1 | USA     |
|  2 | 淘宝         | https://www.taobao.com/   |    13 | CN      |
|  3 | 菜鸟教程     | http://www.runoob.com/    |  4689 | CN      |
|  4 | 微博         | http://weibo.com/         |    20 | CN      |
|  5 | Facebook     | https://www.facebook.com/ |     3 | USA     |
+----+--------------+---------------------------+-------+---------+
5 rows in set (0.00 sec)

-- 建表
MariaDB [mysql]> create table webtest select * from websites;
Query OK, 5 rows affected (0.00 sec)
Records: 5  Duplicates: 0  Warnings: 0

-- 插入重复数据
MariaDB [mysql]> INSERT INTO webtest VALUES ('1', 'Google', 'https://www.google.cm/', '1', 'USA'), ('2', '淘宝', 'https://www.taobao.com/', '13', 'CN'), ('3', '菜鸟教程', 'http://www.runoob.com/', '4689', 'CN'), ('4', '微博', 'http://weibo.com/', '20', 'CN'), ('5', 'Facebook', 'https://www.facebook.com/', '3', 'USA');
Query OK, 5 rows affected (0.00 sec)
Records: 5  Duplicates: 0  Warnings: 0

-- 添加一个自增的主键列
MariaDB [mysql]> alter table webtest add column uid int primary key auto_increment;
Query OK, 10 rows affected (0.01 sec)              
Records: 10  Duplicates: 0  Warnings: 0

-- 删除
MariaDB [mysql]> delete from webtest where uid in (select uid from (select max(uid) uid,count(id) c_id  from webtest group by id having c_id>1 order by c_id desc) as tab);
Query OK, 5 rows affected (0.00 sec)

MariaDB [mysql]> select * from webtest;
+----+--------------+---------------------------+-------+---------+-----+
| id | name         | url                       | alexa | country | uid |
+----+--------------+---------------------------+-------+---------+-----+
|  1 | Google       | https://www.google.cm/    |     1 | USA     |   1 |
|  2 | 淘宝         | https://www.taobao.com/   |    13 | CN      |   2 |
|  3 | 菜鸟教程     | http://www.runoob.com/    |  4689 | CN      |   3 |
|  4 | 微博         | http://weibo.com/         |    20 | CN      |   4 |
|  5 | Facebook     | https://www.facebook.com/ |     3 | USA     |   5 |
+----+--------------+---------------------------+-------+---------+-----+
5 rows in set (0.00 sec)

-- 删除掉新增的主键ID
MariaDB [mysql]> alter table webtest DROP column uid;
Query OK, 5 rows affected (0.01 sec)               
Records: 5  Duplicates: 0  Warnings: 0

-- 把原来表中的一列设置为主键
MariaDB [mysql]> alter table webtest add PRIMARY KEY (id);
Query OK, 0 rows affected (0.02 sec)
Records: 0  Duplicates: 0  Warnings: 0
```

```sql

-- 具有唯一性的字段 id(为唯一主键)

-- 原表
MariaDB [mysql]> select * from webtest;
+----+--------------+---------------------------+-------+---------+
| id | name         | url                       | alexa | country |
+----+--------------+---------------------------+-------+---------+
|  1 | Google       | https://www.google.cm/    |     1 | USA     |
|  2 | 淘宝         | https://www.taobao.com/   |    13 | CN      |
|  3 | 菜鸟教程     | http://www.runoob.com/    |  4689 | CN      |
|  4 | 微博         | http://weibo.com/         |    20 | CN      |
|  5 | Facebook     | https://www.facebook.com/ |     3 | USA     |
+----+--------------+---------------------------+-------+---------+
5 rows in set (0.00 sec)

-- 插入重复数据，除了id字段
MariaDB [mysql]> INSERT INTO webtest VALUES ('6', 'Google', 'https://www.google.cm/', '1', 'USA'), ('7', '淘宝', 'https://www.taobao.com/', '13', 'CN'), ('8', '菜鸟教程', 'http://www.runoob.com/', '4689', 'CN'), ('9', '微博', 'http://weibo.com/', '20', 'CN'), ('10', 'Facebook', 'https://www.facebook.com/', '3', 'USA');
Query OK, 5 rows affected (0.00 sec)
Records: 5  Duplicates: 0  Warnings: 0

MariaDB [mysql]> select * from webtest;
+----+--------------+---------------------------+-------+---------+
| id | name         | url                       | alexa | country |
+----+--------------+---------------------------+-------+---------+
|  1 | Google       | https://www.google.cm/    |     1 | USA     |
|  2 | 淘宝         | https://www.taobao.com/   |    13 | CN      |
|  3 | 菜鸟教程     | http://www.runoob.com/    |  4689 | CN      |
|  4 | 微博         | http://weibo.com/         |    20 | CN      |
|  5 | Facebook     | https://www.facebook.com/ |     3 | USA     |
|  6 | Google       | https://www.google.cm/    |     1 | USA     |
|  7 | 淘宝         | https://www.taobao.com/   |    13 | CN      |
|  8 | 菜鸟教程     | http://www.runoob.com/    |  4689 | CN      |
|  9 | 微博         | http://weibo.com/         |    20 | CN      |
| 10 | Facebook     | https://www.facebook.com/ |     3 | USA     |
+----+--------------+---------------------------+-------+---------+
10 rows in set (0.00 sec)

-- 删除
MariaDB [mysql]> delete from webtest where id not in (select id from (select max(id) id from webtest group by name,url,alexa,country) as a);
Query OK, 5 rows affected (0.00 sec)


MariaDB [mysql]> select * from webtest;
+----+--------------+---------------------------+-------+---------+
| id | name         | url                       | alexa | country |
+----+--------------+---------------------------+-------+---------+
|  6 | Google       | https://www.google.cm/    |     1 | USA     |
|  7 | 淘宝         | https://www.taobao.com/   |    13 | CN      |
|  8 | 菜鸟教程     | http://www.runoob.com/    |  4689 | CN      |
|  9 | 微博         | http://weibo.com/         |    20 | CN      |
| 10 | Facebook     | https://www.facebook.com/ |     3 | USA     |
+----+--------------+---------------------------+-------+---------+
```